date,keyword,counts
4/18/21,Apple,59
4/18/21,Logitech,2
4/18/21,NVIDIA,2
4/18/21,OLED monitor,0
4/18/21,Samsung,24
4/18/21,laptop,33
4/18/21,mechanical keyboard,1
4/18/21,noise cancelling headphones,1
4/18/21,smartphone,1
4/18/21,smartwatch,2
4/25/21,Apple,58
4/25/21,Logitech,2
4/25/21,NVIDIA,2
4/25/21,OLED monitor,0
4/25/21,Samsung,24
4/25/21,laptop,34
4/25/21,mechanical keyboard,1
4/25/21,noise cancelling headphones,1
4/25/21,smartphone,1
4/25/21,smartwatch,2
5/2/21,Apple,56
5/2/21,Logitech,2
5/2/21,NVIDIA,2
5/2/21,OLED monitor,0
5/2/21,Samsung,25
5/2/21,laptop,34
5/2/21,mechanical keyboard,1
5/2/21,noise cancelling headphones,1
5/2/21,smartphone,1
5/2/21,smartwatch,2
5/9/21,Apple,53
5/9/21,Logitech,2
5/9/21,NVIDIA,2
5/9/21,OLED monitor,0
5/9/21,Samsung,23
5/9/21,laptop,35
5/9/21,mechanical keyboard,1
5/9/21,noise cancelling headphones,1
5/9/21,smartphone,1
5/9/21,smartwatch,2
5/16/21,Apple,54
5/16/21,Logitech,2
5/16/21,NVIDIA,2
5/16/21,OLED monitor,0
5/16/21,Samsung,24
5/16/21,laptop,33
5/16/21,mechanical keyboard,1
5/16/21,noise cancelling headphones,1
5/16/21,smartphone,1
5/16/21,smartwatch,2
5/23/21,Apple,52
5/23/21,Logitech,2
5/23/21,NVIDIA,2
5/23/21,OLED monitor,0
5/23/21,Samsung,24
5/23/21,laptop,34
5/23/21,mechanical keyboard,1
5/23/21,noise cancelling headphones,1
5/23/21,smartphone,1
5/23/21,smartwatch,2
5/30/21,Apple,55
5/30/21,Logitech,2
5/30/21,NVIDIA,3
5/30/21,OLED monitor,0
5/30/21,Samsung,35
5/30/21,laptop,33
5/30/21,mechanical keyboard,1
5/30/21,noise cancelling headphones,1
5/30/21,smartphone,1
5/30/21,smartwatch,2
6/6/21,Apple,59
6/6/21,Logitech,2
6/6/21,NVIDIA,2
6/6/21,OLED monitor,0
6/6/21,Samsung,27
6/6/21,laptop,32
6/6/21,mechanical keyboard,1
6/6/21,noise cancelling headphones,1
6/6/21,smartphone,1
6/6/21,smartwatch,2
6/13/21,Apple,57
6/13/21,Logitech,2
6/13/21,NVIDIA,2
6/13/21,OLED monitor,0
6/13/21,Samsung,26
6/13/21,laptop,33
6/13/21,mechanical keyboard,1
6/13/21,noise cancelling headphones,1
6/13/21,smartphone,1
6/13/21,smartwatch,2
6/20/21,Apple,58
6/20/21,Logitech,2
6/20/21,NVIDIA,3
6/20/21,OLED monitor,0
6/20/21,Samsung,27
6/20/21,laptop,36
6/20/21,mechanical keyboard,1
6/20/21,noise cancelling headphones,1
6/20/21,smartphone,1
6/20/21,smartwatch,2
6/27/21,Apple,54
6/27/21,Logitech,2
6/27/21,NVIDIA,3
6/27/21,OLED monitor,0
6/27/21,Samsung,25
6/27/21,laptop,33
6/27/21,mechanical keyboard,1
6/27/21,noise cancelling headphones,1
6/27/21,smartphone,1
6/27/21,smartwatch,2
7/4/21,Apple,55
7/4/21,Logitech,2
7/4/21,NVIDIA,2
7/4/21,OLED monitor,0
7/4/21,Samsung,25
7/4/21,laptop,34
7/4/21,mechanical keyboard,1
7/4/21,noise cancelling headphones,1
7/4/21,smartphone,1
7/4/21,smartwatch,2
7/11/21,Apple,57
7/11/21,Logitech,2
7/11/21,NVIDIA,2
7/11/21,OLED monitor,0
7/11/21,Samsung,25
7/11/21,laptop,35
7/11/21,mechanical keyboard,1
7/11/21,noise cancelling headphones,1
7/11/21,smartphone,1
7/11/21,smartwatch,2
7/18/21,Apple,57
7/18/21,Logitech,2
7/18/21,NVIDIA,3
7/18/21,OLED monitor,0
7/18/21,Samsung,25
7/18/21,laptop,32
7/18/21,mechanical keyboard,1
7/18/21,noise cancelling headphones,1
7/18/21,smartphone,1
7/18/21,smartwatch,2
7/25/21,Apple,54
7/25/21,Logitech,2
7/25/21,NVIDIA,2
7/25/21,OLED monitor,0
7/25/21,Samsung,27
7/25/21,laptop,36
7/25/21,mechanical keyboard,1
7/25/21,noise cancelling headphones,1
7/25/21,smartphone,1
7/25/21,smartwatch,2
8/1/21,Apple,54
8/1/21,Logitech,2
8/1/21,NVIDIA,2
8/1/21,OLED monitor,0
8/1/21,Samsung,25
8/1/21,laptop,34
8/1/21,mechanical keyboard,1
8/1/21,noise cancelling headphones,1
8/1/21,smartphone,1
8/1/21,smartwatch,2
8/8/21,Apple,55
8/8/21,Logitech,2
8/8/21,NVIDIA,2
8/8/21,OLED monitor,0
8/8/21,Samsung,26
8/8/21,laptop,36
8/8/21,mechanical keyboard,1
8/8/21,noise cancelling headphones,1
8/8/21,smartphone,1
8/8/21,smartwatch,2
8/15/21,Apple,60
8/15/21,Logitech,2
8/15/21,NVIDIA,2
8/15/21,OLED monitor,0
8/15/21,Samsung,27
8/15/21,laptop,36
8/15/21,mechanical keyboard,1
8/15/21,noise cancelling headphones,1
8/15/21,smartphone,1
8/15/21,smartwatch,2
8/22/21,Apple,60
8/22/21,Logitech,2
8/22/21,NVIDIA,3
8/22/21,OLED monitor,0
8/22/21,Samsung,28
8/22/21,laptop,39
8/22/21,mechanical keyboard,1
8/22/21,noise cancelling headphones,1
8/22/21,smartphone,1
8/22/21,smartwatch,2
8/29/21,Apple,57
8/29/21,Logitech,2
8/29/21,NVIDIA,2
8/29/21,OLED monitor,0
8/29/21,Samsung,26
8/29/21,laptop,37
8/29/21,mechanical keyboard,1
8/29/21,noise cancelling headphones,1
8/29/21,smartphone,1
8/29/21,smartwatch,2
9/5/21,Apple,65
9/5/21,Logitech,2
9/5/21,NVIDIA,2
9/5/21,OLED monitor,0
9/5/21,Samsung,25
9/5/21,laptop,35
9/5/21,mechanical keyboard,1
9/5/21,noise cancelling headphones,1
9/5/21,smartphone,1
9/5/21,smartwatch,2
9/12/21,Apple,87
9/12/21,Logitech,2
9/12/21,NVIDIA,2
9/12/21,OLED monitor,0
9/12/21,Samsung,25
9/12/21,laptop,36
9/12/21,mechanical keyboard,1
9/12/21,noise cancelling headphones,1
9/12/21,smartphone,1
9/12/21,smartwatch,2
9/19/21,Apple,77
9/19/21,Logitech,2
9/19/21,NVIDIA,2
9/19/21,OLED monitor,0
9/19/21,Samsung,24
9/19/21,laptop,35
9/19/21,mechanical keyboard,1
9/19/21,noise cancelling headphones,1
9/19/21,smartphone,1
9/19/21,smartwatch,2
9/26/21,Apple,74
9/26/21,Logitech,2
9/26/21,NVIDIA,2
9/26/21,OLED monitor,0
9/26/21,Samsung,25
9/26/21,laptop,34
9/26/21,mechanical keyboard,1
9/26/21,noise cancelling headphones,1
9/26/21,smartphone,1
9/26/21,smartwatch,2
10/3/21,Apple,72
10/3/21,Logitech,2
10/3/21,NVIDIA,2
10/3/21,OLED monitor,0
10/3/21,Samsung,22
10/3/21,laptop,35
10/3/21,mechanical keyboard,0
10/3/21,noise cancelling headphones,1
10/3/21,smartphone,1
10/3/21,smartwatch,2
10/10/21,Apple,72
10/10/21,Logitech,2
10/10/21,NVIDIA,2
10/10/21,OLED monitor,0
10/10/21,Samsung,24
10/10/21,laptop,33
10/10/21,mechanical keyboard,1
10/10/21,noise cancelling headphones,1
10/10/21,smartphone,1
10/10/21,smartwatch,2
10/17/21,Apple,75
10/17/21,Logitech,2
10/17/21,NVIDIA,2
10/17/21,OLED monitor,0
10/17/21,Samsung,24
10/17/21,laptop,35
10/17/21,mechanical keyboard,1
10/17/21,noise cancelling headphones,1
10/17/21,smartphone,1
10/17/21,smartwatch,2
10/24/21,Apple,68
10/24/21,Logitech,2
10/24/21,NVIDIA,2
10/24/21,OLED monitor,0
10/24/21,Samsung,25
10/24/21,laptop,34
10/24/21,mechanical keyboard,1
10/24/21,noise cancelling headphones,1
10/24/21,smartphone,1
10/24/21,smartwatch,2
10/31/21,Apple,65
10/31/21,Logitech,2
10/31/21,NVIDIA,3
10/31/21,OLED monitor,0
10/31/21,Samsung,25
10/31/21,laptop,35
10/31/21,mechanical keyboard,1
10/31/21,noise cancelling headphones,1
10/31/21,smartphone,1
10/31/21,smartwatch,2
11/7/21,Apple,67
11/7/21,Logitech,2
11/7/21,NVIDIA,3
11/7/21,OLED monitor,0
11/7/21,Samsung,27
11/7/21,laptop,38
11/7/21,mechanical keyboard,1
11/7/21,noise cancelling headphones,1
11/7/21,smartphone,1
11/7/21,smartwatch,2
11/14/21,Apple,68
11/14/21,Logitech,2
11/14/21,NVIDIA,4
11/14/21,OLED monitor,0
11/14/21,Samsung,27
11/14/21,laptop,38
11/14/21,mechanical keyboard,1
11/14/21,noise cancelling headphones,1
11/14/21,smartphone,1
11/14/21,smartwatch,2
11/21/21,Apple,98
11/21/21,Logitech,2
11/21/21,NVIDIA,3
11/21/21,OLED monitor,0
11/21/21,Samsung,36
11/21/21,laptop,48
11/21/21,mechanical keyboard,1
11/21/21,noise cancelling headphones,1
11/21/21,smartphone,1
11/21/21,smartwatch,3
11/28/21,Apple,81
11/28/21,Logitech,2
11/28/21,NVIDIA,3
11/28/21,OLED monitor,0
11/28/21,Samsung,30
11/28/21,laptop,46
11/28/21,mechanical keyboard,1
11/28/21,noise cancelling headphones,1
11/28/21,smartphone,1
11/28/21,smartwatch,3
12/5/21,Apple,69
12/5/21,Logitech,2
12/5/21,NVIDIA,3
12/5/21,OLED monitor,0
12/5/21,Samsung,26
12/5/21,laptop,36
12/5/21,mechanical keyboard,1
12/5/21,noise cancelling headphones,1
12/5/21,smartphone,1
12/5/21,smartwatch,2
12/12/21,Apple,65
12/12/21,Logitech,2
12/12/21,NVIDIA,3
12/12/21,OLED monitor,0
12/12/21,Samsung,26
12/12/21,laptop,38
12/12/21,mechanical keyboard,1
12/12/21,noise cancelling headphones,1
12/12/21,smartphone,1
12/12/21,smartwatch,2
12/19/21,Apple,77
12/19/21,Logitech,2
12/19/21,NVIDIA,2
12/19/21,OLED monitor,0
12/19/21,Samsung,27
12/19/21,laptop,34
12/19/21,mechanical keyboard,1
12/19/21,noise cancelling headphones,1
12/19/21,smartphone,1
12/19/21,smartwatch,3
12/26/21,Apple,77
12/26/21,Logitech,2
12/26/21,NVIDIA,3
12/26/21,OLED monitor,0
12/26/21,Samsung,28
12/26/21,laptop,36
12/26/21,mechanical keyboard,1
12/26/21,noise cancelling headphones,1
12/26/21,smartphone,1
12/26/21,smartwatch,2
1/2/22,Apple,70
1/2/22,Logitech,3
1/2/22,NVIDIA,4
1/2/22,OLED monitor,0
1/2/22,Samsung,27
1/2/22,laptop,40
1/2/22,mechanical keyboard,1
1/2/22,noise cancelling headphones,1
1/2/22,smartphone,1
1/2/22,smartwatch,2
1/9/22,Apple,68
1/9/22,Logitech,3
1/9/22,NVIDIA,3
1/9/22,OLED monitor,0
1/9/22,Samsung,23
1/9/22,laptop,39
1/9/22,mechanical keyboard,1
1/9/22,noise cancelling headphones,1
1/9/22,smartphone,1
1/9/22,smartwatch,2
1/16/22,Apple,60
1/16/22,Logitech,2
1/16/22,NVIDIA,3
1/16/22,OLED monitor,0
1/16/22,Samsung,23
1/16/22,laptop,37
1/16/22,mechanical keyboard,1
1/16/22,noise cancelling headphones,1
1/16/22,smartphone,1
1/16/22,smartwatch,2
1/23/22,Apple,63
1/23/22,Logitech,3
1/23/22,NVIDIA,4
1/23/22,OLED monitor,0
1/23/22,Samsung,23
1/23/22,laptop,41
1/23/22,mechanical keyboard,1
1/23/22,noise cancelling headphones,1
1/23/22,smartphone,1
1/23/22,smartwatch,2
1/30/22,Apple,62
1/30/22,Logitech,2
1/30/22,NVIDIA,3
1/30/22,OLED monitor,0
1/30/22,Samsung,25
1/30/22,laptop,38
1/30/22,mechanical keyboard,1
1/30/22,noise cancelling headphones,1
1/30/22,smartphone,1
1/30/22,smartwatch,2
2/6/22,Apple,62
2/6/22,Logitech,3
2/6/22,NVIDIA,3
2/6/22,OLED monitor,0
2/6/22,Samsung,28
2/6/22,laptop,38
2/6/22,mechanical keyboard,1
2/6/22,noise cancelling headphones,1
2/6/22,smartphone,1
2/6/22,smartwatch,2
2/13/22,Apple,61
2/13/22,Logitech,2
2/13/22,NVIDIA,4
2/13/22,OLED monitor,0
2/13/22,Samsung,27
2/13/22,laptop,41
2/13/22,mechanical keyboard,1
2/13/22,noise cancelling headphones,1
2/13/22,smartphone,1
2/13/22,smartwatch,2
2/20/22,Apple,60
2/20/22,Logitech,2
2/20/22,NVIDIA,4
2/20/22,OLED monitor,0
2/20/22,Samsung,28
2/20/22,laptop,41
2/20/22,mechanical keyboard,1
2/20/22,noise cancelling headphones,1
2/20/22,smartphone,1
2/20/22,smartwatch,2
2/27/22,Apple,58
2/27/22,Logitech,2
2/27/22,NVIDIA,4
2/27/22,OLED monitor,0
2/27/22,Samsung,27
2/27/22,laptop,38
2/27/22,mechanical keyboard,1
2/27/22,noise cancelling headphones,1
2/27/22,smartphone,1
2/27/22,smartwatch,2
3/6/22,Apple,63
3/6/22,Logitech,3
3/6/22,NVIDIA,3
3/6/22,OLED monitor,0
3/6/22,Samsung,25
3/6/22,laptop,40
3/6/22,mechanical keyboard,1
3/6/22,noise cancelling headphones,1
3/6/22,smartphone,1
3/6/22,smartwatch,2
3/13/22,Apple,58
3/13/22,Logitech,3
3/13/22,NVIDIA,4
3/13/22,OLED monitor,0
3/13/22,Samsung,25
3/13/22,laptop,41
3/13/22,mechanical keyboard,1
3/13/22,noise cancelling headphones,1
3/13/22,smartphone,1
3/13/22,smartwatch,2
3/20/22,Apple,62
3/20/22,Logitech,3
3/20/22,NVIDIA,4
3/20/22,OLED monitor,0
3/20/22,Samsung,26
3/20/22,laptop,41
3/20/22,mechanical keyboard,1
3/20/22,noise cancelling headphones,1
3/20/22,smartphone,1
3/20/22,smartwatch,2
3/27/22,Apple,58
3/27/22,Logitech,2
3/27/22,NVIDIA,3
3/27/22,OLED monitor,0
3/27/22,Samsung,23
3/27/22,laptop,39
3/27/22,mechanical keyboard,1
3/27/22,noise cancelling headphones,1
3/27/22,smartphone,1
3/27/22,smartwatch,1
4/3/22,Apple,58
4/3/22,Logitech,2
4/3/22,NVIDIA,3
4/3/22,OLED monitor,0
4/3/22,Samsung,24
4/3/22,laptop,39
4/3/22,mechanical keyboard,1
4/3/22,noise cancelling headphones,1
4/3/22,smartphone,1
4/3/22,smartwatch,2
4/10/22,Apple,55
4/10/22,Logitech,2
4/10/22,NVIDIA,3
4/10/22,OLED monitor,0
4/10/22,Samsung,22
4/10/22,laptop,35
4/10/22,mechanical keyboard,1
4/10/22,noise cancelling headphones,1
4/10/22,smartphone,1
4/10/22,smartwatch,2
4/17/22,Apple,58
4/17/22,Logitech,4
4/17/22,NVIDIA,3
4/17/22,OLED monitor,0
4/17/22,Samsung,23
4/17/22,laptop,37
4/17/22,mechanical keyboard,1
4/17/22,noise cancelling headphones,1
4/17/22,smartphone,1
4/17/22,smartwatch,2
4/24/22,Apple,57
4/24/22,Logitech,2
4/24/22,NVIDIA,3
4/24/22,OLED monitor,0
4/24/22,Samsung,22
4/24/22,laptop,35
4/24/22,mechanical keyboard,1
4/24/22,noise cancelling headphones,1
4/24/22,smartphone,1
4/24/22,smartwatch,2
5/1/22,Apple,57
5/1/22,Logitech,2
5/1/22,NVIDIA,3
5/1/22,OLED monitor,0
5/1/22,Samsung,22
5/1/22,laptop,34
5/1/22,mechanical keyboard,1
5/1/22,noise cancelling headphones,1
5/1/22,smartphone,1
5/1/22,smartwatch,2
5/8/22,Apple,58
5/8/22,Logitech,2
5/8/22,NVIDIA,3
5/8/22,OLED monitor,0
5/8/22,Samsung,22
5/8/22,laptop,35
5/8/22,mechanical keyboard,1
5/8/22,noise cancelling headphones,1
5/8/22,smartphone,1
5/8/22,smartwatch,2
5/15/22,Apple,56
5/15/22,Logitech,2
5/15/22,NVIDIA,3
5/15/22,OLED monitor,0
5/15/22,Samsung,21
5/15/22,laptop,34
5/15/22,mechanical keyboard,1
5/15/22,noise cancelling headphones,1
5/15/22,smartphone,1
5/15/22,smartwatch,2
5/22/22,Apple,59
5/22/22,Logitech,2
5/22/22,NVIDIA,3
5/22/22,OLED monitor,0
5/22/22,Samsung,23
5/22/22,laptop,34
5/22/22,mechanical keyboard,1
5/22/22,noise cancelling headphones,1
5/22/22,smartphone,1
5/22/22,smartwatch,2
5/29/22,Apple,57
5/29/22,Logitech,2
5/29/22,NVIDIA,3
5/29/22,OLED monitor,0
5/29/22,Samsung,24
5/29/22,laptop,34
5/29/22,mechanical keyboard,1
5/29/22,noise cancelling headphones,1
5/29/22,smartphone,1
5/29/22,smartwatch,2
6/5/22,Apple,65
6/5/22,Logitech,2
6/5/22,NVIDIA,3
6/5/22,OLED monitor,0
6/5/22,Samsung,22
6/5/22,laptop,36
6/5/22,mechanical keyboard,1
6/5/22,noise cancelling headphones,1
6/5/22,smartphone,1
6/5/22,smartwatch,2
6/12/22,Apple,61
6/12/22,Logitech,2
6/12/22,NVIDIA,3
6/12/22,OLED monitor,0
6/12/22,Samsung,24
6/12/22,laptop,34
6/12/22,mechanical keyboard,1
6/12/22,noise cancelling headphones,1
6/12/22,smartphone,1
6/12/22,smartwatch,2
6/19/22,Apple,60
6/19/22,Logitech,2
6/19/22,NVIDIA,3
6/19/22,OLED monitor,0
6/19/22,Samsung,23
6/19/22,laptop,36
6/19/22,mechanical keyboard,1
6/19/22,noise cancelling headphones,1
6/19/22,smartphone,1
6/19/22,smartwatch,2
6/26/22,Apple,61
6/26/22,Logitech,2
6/26/22,NVIDIA,3
6/26/22,OLED monitor,0
6/26/22,Samsung,24
6/26/22,laptop,35
6/26/22,mechanical keyboard,1
6/26/22,noise cancelling headphones,1
6/26/22,smartphone,1
6/26/22,smartwatch,1
7/3/22,Apple,61
7/3/22,Logitech,2
7/3/22,NVIDIA,3
7/3/22,OLED monitor,0
7/3/22,Samsung,25
7/3/22,laptop,35
7/3/22,mechanical keyboard,1
7/3/22,noise cancelling headphones,1
7/3/22,smartphone,1
7/3/22,smartwatch,2
7/10/22,Apple,71
7/10/22,Logitech,3
7/10/22,NVIDIA,3
7/10/22,OLED monitor,0
7/10/22,Samsung,25
7/10/22,laptop,39
7/10/22,mechanical keyboard,1
7/10/22,noise cancelling headphones,1
7/10/22,smartphone,1
7/10/22,smartwatch,2
7/17/22,Apple,64
7/17/22,Logitech,3
7/17/22,NVIDIA,4
7/17/22,OLED monitor,0
7/17/22,Samsung,25
7/17/22,laptop,39
7/17/22,mechanical keyboard,1
7/17/22,noise cancelling headphones,1
7/17/22,smartphone,1
7/17/22,smartwatch,2
7/24/22,Apple,64
7/24/22,Logitech,2
7/24/22,NVIDIA,3
7/24/22,OLED monitor,0
7/24/22,Samsung,24
7/24/22,laptop,38
7/24/22,mechanical keyboard,1
7/24/22,noise cancelling headphones,1
7/24/22,smartphone,1
7/24/22,smartwatch,2
7/31/22,Apple,63
7/31/22,Logitech,2
7/31/22,NVIDIA,3
7/31/22,OLED monitor,0
7/31/22,Samsung,24
7/31/22,laptop,39
7/31/22,mechanical keyboard,1
7/31/22,noise cancelling headphones,1
7/31/22,smartphone,1
7/31/22,smartwatch,2
8/7/22,Apple,66
8/7/22,Logitech,2
8/7/22,NVIDIA,4
8/7/22,OLED monitor,0
8/7/22,Samsung,27
8/7/22,laptop,42
8/7/22,mechanical keyboard,1
8/7/22,noise cancelling headphones,1
8/7/22,smartphone,1
8/7/22,smartwatch,2
8/14/22,Apple,66
8/14/22,Logitech,2
8/14/22,NVIDIA,3
8/14/22,OLED monitor,0
8/14/22,Samsung,25
8/14/22,laptop,41
8/14/22,mechanical keyboard,1
8/14/22,noise cancelling headphones,1
8/14/22,smartphone,1
8/14/22,smartwatch,2
8/21/22,Apple,64
8/21/22,Logitech,2
8/21/22,NVIDIA,3
8/21/22,OLED monitor,0
8/21/22,Samsung,24
8/21/22,laptop,44
8/21/22,mechanical keyboard,1
8/21/22,noise cancelling headphones,1
8/21/22,smartphone,1
8/21/22,smartwatch,2
8/28/22,Apple,64
8/28/22,Logitech,2
8/28/22,NVIDIA,3
8/28/22,OLED monitor,0
8/28/22,Samsung,25
8/28/22,laptop,41
8/28/22,mechanical keyboard,1
8/28/22,noise cancelling headphones,1
8/28/22,smartphone,1
8/28/22,smartwatch,2
9/4/22,Apple,89
9/4/22,Logitech,2
9/4/22,NVIDIA,2
9/4/22,OLED monitor,0
9/4/22,Samsung,26
9/4/22,laptop,38
9/4/22,mechanical keyboard,1
9/4/22,noise cancelling headphones,1
9/4/22,smartphone,1
9/4/22,smartwatch,2
9/11/22,Apple,79
9/11/22,Logitech,2
9/11/22,NVIDIA,3
9/11/22,OLED monitor,0
9/11/22,Samsung,24
9/11/22,laptop,35
9/11/22,mechanical keyboard,1
9/11/22,noise cancelling headphones,1
9/11/22,smartphone,1
9/11/22,smartwatch,2
9/18/22,Apple,81
9/18/22,Logitech,2
9/18/22,NVIDIA,4
9/18/22,OLED monitor,0
9/18/22,Samsung,23
9/18/22,laptop,35
9/18/22,mechanical keyboard,1
9/18/22,noise cancelling headphones,1
9/18/22,smartphone,1
9/18/22,smartwatch,2
9/25/22,Apple,79
9/25/22,Logitech,2
9/25/22,NVIDIA,3
9/25/22,OLED monitor,0
9/25/22,Samsung,22
9/25/22,laptop,34
9/25/22,mechanical keyboard,1
9/25/22,noise cancelling headphones,1
9/25/22,smartphone,1
9/25/22,smartwatch,1
10/2/22,Apple,80
10/2/22,Logitech,2
10/2/22,NVIDIA,2
10/2/22,OLED monitor,0
10/2/22,Samsung,22
10/2/22,laptop,35
10/2/22,mechanical keyboard,1
10/2/22,noise cancelling headphones,1
10/2/22,smartphone,1
10/2/22,smartwatch,2
10/9/22,Apple,74
10/9/22,Logitech,2
10/9/22,NVIDIA,3
10/9/22,OLED monitor,0
10/9/22,Samsung,23
10/9/22,laptop,35
10/9/22,mechanical keyboard,1
10/9/22,noise cancelling headphones,1
10/9/22,smartphone,1
10/9/22,smartwatch,2
10/16/22,Apple,75
10/16/22,Logitech,2
10/16/22,NVIDIA,3
10/16/22,OLED monitor,0
10/16/22,Samsung,21
10/16/22,laptop,34
10/16/22,mechanical keyboard,1
10/16/22,noise cancelling headphones,1
10/16/22,smartphone,1
10/16/22,smartwatch,2
10/23/22,Apple,72
10/23/22,Logitech,2
10/23/22,NVIDIA,3
10/23/22,OLED monitor,0
10/23/22,Samsung,21
10/23/22,laptop,34
10/23/22,mechanical keyboard,1
10/23/22,noise cancelling headphones,1
10/23/22,smartphone,1
10/23/22,smartwatch,1
10/30/22,Apple,66
10/30/22,Logitech,2
10/30/22,NVIDIA,3
10/30/22,OLED monitor,0
10/30/22,Samsung,21
10/30/22,laptop,33
10/30/22,mechanical keyboard,1
10/30/22,noise cancelling headphones,1
10/30/22,smartphone,1
10/30/22,smartwatch,2
11/6/22,Apple,66
11/6/22,Logitech,2
11/6/22,NVIDIA,3
11/6/22,OLED monitor,0
11/6/22,Samsung,22
11/6/22,laptop,36
11/6/22,mechanical keyboard,1
11/6/22,noise cancelling headphones,1
11/6/22,smartphone,1
11/6/22,smartwatch,2
11/13/22,Apple,67
11/13/22,Logitech,2
11/13/22,NVIDIA,3
11/13/22,OLED monitor,0
11/13/22,Samsung,24
11/13/22,laptop,37
11/13/22,mechanical keyboard,1
11/13/22,noise cancelling headphones,1
11/13/22,smartphone,1
11/13/22,smartwatch,2
11/20/22,Apple,97
11/20/22,Logitech,3
11/20/22,NVIDIA,3
11/20/22,OLED monitor,0
11/20/22,Samsung,34
11/20/22,laptop,46
11/20/22,mechanical keyboard,1
11/20/22,noise cancelling headphones,2
11/20/22,smartphone,1
11/20/22,smartwatch,2
11/27/22,Apple,84
11/27/22,Logitech,3
11/27/22,NVIDIA,3
11/27/22,OLED monitor,0
11/27/22,Samsung,25
11/27/22,laptop,41
11/27/22,mechanical keyboard,1
11/27/22,noise cancelling headphones,1
11/27/22,smartphone,1
11/27/22,smartwatch,2
12/4/22,Apple,64
12/4/22,Logitech,2
12/4/22,NVIDIA,3
12/4/22,OLED monitor,0
12/4/22,Samsung,23
12/4/22,laptop,37
12/4/22,mechanical keyboard,1
12/4/22,noise cancelling headphones,1
12/4/22,smartphone,1
12/4/22,smartwatch,2
12/11/22,Apple,69
12/11/22,Logitech,2
12/11/22,NVIDIA,3
12/11/22,OLED monitor,0
12/11/22,Samsung,23
12/11/22,laptop,40
12/11/22,mechanical keyboard,1
12/11/22,noise cancelling headphones,1
12/11/22,smartphone,1
12/11/22,smartwatch,2
12/18/22,Apple,69
12/18/22,Logitech,2
12/18/22,NVIDIA,2
12/18/22,OLED monitor,0
12/18/22,Samsung,24
12/18/22,laptop,36
12/18/22,mechanical keyboard,1
12/18/22,noise cancelling headphones,1
12/18/22,smartphone,1
12/18/22,smartwatch,2
12/25/22,Apple,83
12/25/22,Logitech,3
12/25/22,NVIDIA,3
12/25/22,OLED monitor,0
12/25/22,Samsung,28
12/25/22,laptop,39
12/25/22,mechanical keyboard,1
12/25/22,noise cancelling headphones,1
12/25/22,smartphone,1
12/25/22,smartwatch,2
1/1/23,Apple,68
1/1/23,Logitech,2
1/1/23,NVIDIA,2
1/1/23,OLED monitor,0
1/1/23,Samsung,23
1/1/23,laptop,35
1/1/23,mechanical keyboard,1
1/1/23,noise cancelling headphones,1
1/1/23,smartphone,0
1/1/23,smartwatch,2
1/8/23,Apple,63
1/8/23,Logitech,2
1/8/23,NVIDIA,3
1/8/23,OLED monitor,0
1/8/23,Samsung,21
1/8/23,laptop,38
1/8/23,mechanical keyboard,1
1/8/23,noise cancelling headphones,1
1/8/23,smartphone,1
1/8/23,smartwatch,2
1/15/23,Apple,62
1/15/23,Logitech,2
1/15/23,NVIDIA,2
1/15/23,OLED monitor,0
1/15/23,Samsung,22
1/15/23,laptop,36
1/15/23,mechanical keyboard,1
1/15/23,noise cancelling headphones,1
1/15/23,smartphone,1
1/15/23,smartwatch,2
1/22/23,Apple,62
1/22/23,Logitech,2
1/22/23,NVIDIA,3
1/22/23,OLED monitor,0
1/22/23,Samsung,21
1/22/23,laptop,37
1/22/23,mechanical keyboard,1
1/22/23,noise cancelling headphones,1
1/22/23,smartphone,1
1/22/23,smartwatch,2
1/29/23,Apple,61
1/29/23,Logitech,2
1/29/23,NVIDIA,3
1/29/23,OLED monitor,0
1/29/23,Samsung,24
1/29/23,laptop,37
1/29/23,mechanical keyboard,1
1/29/23,noise cancelling headphones,1
1/29/23,smartphone,1
1/29/23,smartwatch,1
2/5/23,Apple,59
2/5/23,Logitech,2
2/5/23,NVIDIA,3
2/5/23,OLED monitor,0
2/5/23,Samsung,22
2/5/23,laptop,37
2/5/23,mechanical keyboard,1
2/5/23,noise cancelling headphones,1
2/5/23,smartphone,1
2/5/23,smartwatch,1
2/12/23,Apple,60
2/12/23,Logitech,2
2/12/23,NVIDIA,3
2/12/23,OLED monitor,0
2/12/23,Samsung,24
2/12/23,laptop,35
2/12/23,mechanical keyboard,1
2/12/23,noise cancelling headphones,1
2/12/23,smartphone,1
2/12/23,smartwatch,1
2/19/23,Apple,58
2/19/23,Logitech,2
2/19/23,NVIDIA,3
2/19/23,OLED monitor,0
2/19/23,Samsung,22
2/19/23,laptop,35
2/19/23,mechanical keyboard,1
2/19/23,noise cancelling headphones,1
2/19/23,smartphone,0
2/19/23,smartwatch,1
2/26/23,Apple,58
2/26/23,Logitech,2
2/26/23,NVIDIA,2
2/26/23,OLED monitor,0
2/26/23,Samsung,22
2/26/23,laptop,36
2/26/23,mechanical keyboard,1
2/26/23,noise cancelling headphones,1
2/26/23,smartphone,1
2/26/23,smartwatch,1
3/5/23,Apple,57
3/5/23,Logitech,2
3/5/23,NVIDIA,3
3/5/23,OLED monitor,0
3/5/23,Samsung,21
3/5/23,laptop,34
3/5/23,mechanical keyboard,1
3/5/23,noise cancelling headphones,1
3/5/23,smartphone,0
3/5/23,smartwatch,1
3/12/23,Apple,58
3/12/23,Logitech,2
3/12/23,NVIDIA,3
3/12/23,OLED monitor,0
3/12/23,Samsung,21
3/12/23,laptop,34
3/12/23,mechanical keyboard,1
3/12/23,noise cancelling headphones,1
3/12/23,smartphone,0
3/12/23,smartwatch,2
3/19/23,Apple,61
3/19/23,Logitech,2
3/19/23,NVIDIA,3
3/19/23,OLED monitor,0
3/19/23,Samsung,20
3/19/23,laptop,34
3/19/23,mechanical keyboard,1
3/19/23,noise cancelling headphones,1
3/19/23,smartphone,1
3/19/23,smartwatch,1
3/26/23,Apple,58
3/26/23,Logitech,2
3/26/23,NVIDIA,3
3/26/23,OLED monitor,0
3/26/23,Samsung,20
3/26/23,laptop,33
3/26/23,mechanical keyboard,1
3/26/23,noise cancelling headphones,1
3/26/23,smartphone,1
3/26/23,smartwatch,1
4/2/23,Apple,57
4/2/23,Logitech,2
4/2/23,NVIDIA,2
4/2/23,OLED monitor,0
4/2/23,Samsung,21
4/2/23,laptop,32
4/2/23,mechanical keyboard,1
4/2/23,noise cancelling headphones,1
4/2/23,smartphone,1
4/2/23,smartwatch,1
4/9/23,Apple,56
4/9/23,Logitech,2
4/9/23,NVIDIA,3
4/9/23,OLED monitor,0
4/9/23,Samsung,19
4/9/23,laptop,31
4/9/23,mechanical keyboard,1
4/9/23,noise cancelling headphones,1
4/9/23,smartphone,1
4/9/23,smartwatch,1
4/16/23,Apple,61
4/16/23,Logitech,2
4/16/23,NVIDIA,2
4/16/23,OLED monitor,0
4/16/23,Samsung,20
4/16/23,laptop,33
4/16/23,mechanical keyboard,1
4/16/23,noise cancelling headphones,1
4/16/23,smartphone,1
4/16/23,smartwatch,1
4/23/23,Apple,59
4/23/23,Logitech,2
4/23/23,NVIDIA,2
4/23/23,OLED monitor,0
4/23/23,Samsung,20
4/23/23,laptop,32
4/23/23,mechanical keyboard,1
4/23/23,noise cancelling headphones,1
4/23/23,smartphone,1
4/23/23,smartwatch,1
4/30/23,Apple,61
4/30/23,Logitech,2
4/30/23,NVIDIA,3
4/30/23,OLED monitor,0
4/30/23,Samsung,19
4/30/23,laptop,31
4/30/23,mechanical keyboard,1
4/30/23,noise cancelling headphones,1
4/30/23,smartphone,1
4/30/23,smartwatch,1
5/7/23,Apple,57
5/7/23,Logitech,2
5/7/23,NVIDIA,2
5/7/23,OLED monitor,0
5/7/23,Samsung,19
5/7/23,laptop,31
5/7/23,mechanical keyboard,1
5/7/23,noise cancelling headphones,1
5/7/23,smartphone,1
5/7/23,smartwatch,1
5/14/23,Apple,59
5/14/23,Logitech,2
5/14/23,NVIDIA,3
5/14/23,OLED monitor,0
5/14/23,Samsung,20
5/14/23,laptop,31
5/14/23,mechanical keyboard,1
5/14/23,noise cancelling headphones,1
5/14/23,smartphone,1
5/14/23,smartwatch,1
5/21/23,Apple,58
5/21/23,Logitech,2
5/21/23,NVIDIA,6
5/21/23,OLED monitor,0
5/21/23,Samsung,22
5/21/23,laptop,32
5/21/23,mechanical keyboard,1
5/21/23,noise cancelling headphones,1
5/21/23,smartphone,0
5/21/23,smartwatch,2
5/28/23,Apple,62
5/28/23,Logitech,2
5/28/23,NVIDIA,6
5/28/23,OLED monitor,0
5/28/23,Samsung,21
5/28/23,laptop,33
5/28/23,mechanical keyboard,1
5/28/23,noise cancelling headphones,1
5/28/23,smartphone,0
5/28/23,smartwatch,2
6/4/23,Apple,80
6/4/23,Logitech,2
6/4/23,NVIDIA,4
6/4/23,OLED monitor,0
6/4/23,Samsung,20
6/4/23,laptop,34
6/4/23,mechanical keyboard,1
6/4/23,noise cancelling headphones,1
6/4/23,smartphone,1
6/4/23,smartwatch,1
6/11/23,Apple,67
6/11/23,Logitech,2
6/11/23,NVIDIA,4
6/11/23,OLED monitor,0
6/11/23,Samsung,20
6/11/23,laptop,36
6/11/23,mechanical keyboard,1
6/11/23,noise cancelling headphones,1
6/11/23,smartphone,1
6/11/23,smartwatch,2
6/18/23,Apple,63
6/18/23,Logitech,3
6/18/23,NVIDIA,3
6/18/23,OLED monitor,0
6/18/23,Samsung,22
6/18/23,laptop,34
6/18/23,mechanical keyboard,1
6/18/23,noise cancelling headphones,1
6/18/23,smartphone,1
6/18/23,smartwatch,2
6/25/23,Apple,62
6/25/23,Logitech,3
6/25/23,NVIDIA,3
6/25/23,OLED monitor,0
6/25/23,Samsung,22
6/25/23,laptop,34
6/25/23,mechanical keyboard,1
6/25/23,noise cancelling headphones,1
6/25/23,smartphone,1
6/25/23,smartwatch,2
7/2/23,Apple,64
7/2/23,Logitech,2
7/2/23,NVIDIA,3
7/2/23,OLED monitor,0
7/2/23,Samsung,24
7/2/23,laptop,31
7/2/23,mechanical keyboard,1
7/2/23,noise cancelling headphones,1
7/2/23,smartphone,1
7/2/23,smartwatch,1
7/9/23,Apple,67
7/9/23,Logitech,2
7/9/23,NVIDIA,4
7/9/23,OLED monitor,0
7/9/23,Samsung,24
7/9/23,laptop,38
7/9/23,mechanical keyboard,1
7/9/23,noise cancelling headphones,1
7/9/23,smartphone,1
7/9/23,smartwatch,2
7/16/23,Apple,63
7/16/23,Logitech,2
7/16/23,NVIDIA,3
7/16/23,OLED monitor,0
7/16/23,Samsung,22
7/16/23,laptop,36
7/16/23,mechanical keyboard,1
7/16/23,noise cancelling headphones,1
7/16/23,smartphone,0
7/16/23,smartwatch,1
7/23/23,Apple,65
7/23/23,Logitech,2
7/23/23,NVIDIA,3
7/23/23,OLED monitor,0
7/23/23,Samsung,23
7/23/23,laptop,37
7/23/23,mechanical keyboard,1
7/23/23,noise cancelling headphones,1
7/23/23,smartphone,0
7/23/23,smartwatch,2
7/30/23,Apple,64
7/30/23,Logitech,2
7/30/23,NVIDIA,3
7/30/23,OLED monitor,0
7/30/23,Samsung,22
7/30/23,laptop,36
7/30/23,mechanical keyboard,1
7/30/23,noise cancelling headphones,1
7/30/23,smartphone,1
7/30/23,smartwatch,1
8/6/23,Apple,61
8/6/23,Logitech,2
8/6/23,NVIDIA,3
8/6/23,OLED monitor,0
8/6/23,Samsung,22
8/6/23,laptop,37
8/6/23,mechanical keyboard,1
8/6/23,noise cancelling headphones,1
8/6/23,smartphone,0
8/6/23,smartwatch,1
8/13/23,Apple,62
8/13/23,Logitech,2
8/13/23,NVIDIA,4
8/13/23,OLED monitor,0
8/13/23,Samsung,21
8/13/23,laptop,39
8/13/23,mechanical keyboard,1
8/13/23,noise cancelling headphones,1
8/13/23,smartphone,0
8/13/23,smartwatch,1
8/20/23,Apple,59
8/20/23,Logitech,2
8/20/23,NVIDIA,7
8/20/23,OLED monitor,0
8/20/23,Samsung,22
8/20/23,laptop,39
8/20/23,mechanical keyboard,1
8/20/23,noise cancelling headphones,1
8/20/23,smartphone,0
8/20/23,smartwatch,1
8/27/23,Apple,62
8/27/23,Logitech,2
8/27/23,NVIDIA,4
8/27/23,OLED monitor,0
8/27/23,Samsung,22
8/27/23,laptop,37
8/27/23,mechanical keyboard,1
8/27/23,noise cancelling headphones,1
8/27/23,smartphone,1
8/27/23,smartwatch,1
9/3/23,Apple,63
9/3/23,Logitech,2
9/3/23,NVIDIA,3
9/3/23,OLED monitor,0
9/3/23,Samsung,22
9/3/23,laptop,36
9/3/23,mechanical keyboard,1
9/3/23,noise cancelling headphones,1
9/3/23,smartphone,1
9/3/23,smartwatch,1
9/10/23,Apple,84
9/10/23,Logitech,2
9/10/23,NVIDIA,3
9/10/23,OLED monitor,0
9/10/23,Samsung,23
9/10/23,laptop,35
9/10/23,mechanical keyboard,1
9/10/23,noise cancelling headphones,1
9/10/23,smartphone,1
9/10/23,smartwatch,1
9/17/23,Apple,80
9/17/23,Logitech,2
9/17/23,NVIDIA,3
9/17/23,OLED monitor,0
9/17/23,Samsung,21
9/17/23,laptop,35
9/17/23,mechanical keyboard,1
9/17/23,noise cancelling headphones,1
9/17/23,smartphone,1
9/17/23,smartwatch,1
9/24/23,Apple,80
9/24/23,Logitech,2
9/24/23,NVIDIA,3
9/24/23,OLED monitor,0
9/24/23,Samsung,21
9/24/23,laptop,35
9/24/23,mechanical keyboard,1
9/24/23,noise cancelling headphones,1
9/24/23,smartphone,1
9/24/23,smartwatch,1
10/1/23,Apple,72
10/1/23,Logitech,2
10/1/23,NVIDIA,3
10/1/23,OLED monitor,0
10/1/23,Samsung,20
10/1/23,laptop,33
10/1/23,mechanical keyboard,1
10/1/23,noise cancelling headphones,1
10/1/23,smartphone,1
10/1/23,smartwatch,1
10/8/23,Apple,73
10/8/23,Logitech,2
10/8/23,NVIDIA,3
10/8/23,OLED monitor,0
10/8/23,Samsung,22
10/8/23,laptop,34
10/8/23,mechanical keyboard,1
10/8/23,noise cancelling headphones,1
10/8/23,smartphone,1
10/8/23,smartwatch,1
10/15/23,Apple,69
10/15/23,Logitech,2
10/15/23,NVIDIA,3
10/15/23,OLED monitor,0
10/15/23,Samsung,21
10/15/23,laptop,33
10/15/23,mechanical keyboard,0
10/15/23,noise cancelling headphones,1
10/15/23,smartphone,1
10/15/23,smartwatch,1
10/22/23,Apple,67
10/22/23,Logitech,2
10/22/23,NVIDIA,3
10/22/23,OLED monitor,0
10/22/23,Samsung,20
10/22/23,laptop,34
10/22/23,mechanical keyboard,1
10/22/23,noise cancelling headphones,1
10/22/23,smartphone,0
10/22/23,smartwatch,1
10/29/23,Apple,67
10/29/23,Logitech,2
10/29/23,NVIDIA,3
10/29/23,OLED monitor,0
10/29/23,Samsung,20
10/29/23,laptop,33
10/29/23,mechanical keyboard,1
10/29/23,noise cancelling headphones,1
10/29/23,smartphone,0
10/29/23,smartwatch,1
11/5/23,Apple,68
11/5/23,Logitech,2
11/5/23,NVIDIA,3
11/5/23,OLED monitor,0
11/5/23,Samsung,22
11/5/23,laptop,34
11/5/23,mechanical keyboard,1
11/5/23,noise cancelling headphones,1
11/5/23,smartphone,1
11/5/23,smartwatch,1
11/12/23,Apple,73
11/12/23,Logitech,2
11/12/23,NVIDIA,4
11/12/23,OLED monitor,0
11/12/23,Samsung,22
11/12/23,laptop,38
11/12/23,mechanical keyboard,1
11/12/23,noise cancelling headphones,1
11/12/23,smartphone,1
11/12/23,smartwatch,2
11/19/23,Apple,92
11/19/23,Logitech,3
11/19/23,NVIDIA,5
11/19/23,OLED monitor,1
11/19/23,Samsung,32
11/19/23,laptop,47
11/19/23,mechanical keyboard,1
11/19/23,noise cancelling headphones,2
11/19/23,smartphone,1
11/19/23,smartwatch,2
11/26/23,Apple,80
11/26/23,Logitech,3
11/26/23,NVIDIA,4
11/26/23,OLED monitor,0
11/26/23,Samsung,25
11/26/23,laptop,43
11/26/23,mechanical keyboard,1
11/26/23,noise cancelling headphones,1
11/26/23,smartphone,1
11/26/23,smartwatch,2
12/3/23,Apple,66
12/3/23,Logitech,3
12/3/23,NVIDIA,4
12/3/23,OLED monitor,0
12/3/23,Samsung,23
12/3/23,laptop,40
12/3/23,mechanical keyboard,1
12/3/23,noise cancelling headphones,1
12/3/23,smartphone,1
12/3/23,smartwatch,2
12/10/23,Apple,67
12/10/23,Logitech,3
12/10/23,NVIDIA,4
12/10/23,OLED monitor,0
12/10/23,Samsung,23
12/10/23,laptop,38
12/10/23,mechanical keyboard,1
12/10/23,noise cancelling headphones,1
12/10/23,smartphone,1
12/10/23,smartwatch,2
12/17/23,Apple,72
12/17/23,Logitech,3
12/17/23,NVIDIA,4
12/17/23,OLED monitor,0
12/17/23,Samsung,24
12/17/23,laptop,34
12/17/23,mechanical keyboard,1
12/17/23,noise cancelling headphones,1
12/17/23,smartphone,1
12/17/23,smartwatch,2
12/24/23,Apple,85
12/24/23,Logitech,3
12/24/23,NVIDIA,4
12/24/23,OLED monitor,0
12/24/23,Samsung,27
12/24/23,laptop,38
12/24/23,mechanical keyboard,1
12/24/23,noise cancelling headphones,1
12/24/23,smartphone,1
12/24/23,smartwatch,2
12/31/23,Apple,65
12/31/23,Logitech,2
12/31/23,NVIDIA,3
12/31/23,OLED monitor,0
12/31/23,Samsung,23
12/31/23,laptop,35
12/31/23,mechanical keyboard,1
12/31/23,noise cancelling headphones,1
12/31/23,smartphone,1
12/31/23,smartwatch,2
1/7/24,Apple,65
1/7/24,Logitech,2
1/7/24,NVIDIA,4
1/7/24,OLED monitor,1
1/7/24,Samsung,21
1/7/24,laptop,39
1/7/24,mechanical keyboard,1
1/7/24,noise cancelling headphones,1
1/7/24,smartphone,0
1/7/24,smartwatch,1
1/14/24,Apple,63
1/14/24,Logitech,2
1/14/24,NVIDIA,4
1/14/24,OLED monitor,0
1/14/24,Samsung,26
1/14/24,laptop,36
1/14/24,mechanical keyboard,1
1/14/24,noise cancelling headphones,1
1/14/24,smartphone,1
1/14/24,smartwatch,1
1/21/24,Apple,62
1/21/24,Logitech,2
1/21/24,NVIDIA,5
1/21/24,OLED monitor,0
1/21/24,Samsung,23
1/21/24,laptop,37
1/21/24,mechanical keyboard,1
1/21/24,noise cancelling headphones,1
1/21/24,smartphone,1
1/21/24,smartwatch,1
1/28/24,Apple,65
1/28/24,Logitech,2
1/28/24,NVIDIA,5
1/28/24,OLED monitor,0
1/28/24,Samsung,21
1/28/24,laptop,38
1/28/24,mechanical keyboard,1
1/28/24,noise cancelling headphones,1
1/28/24,smartphone,1
1/28/24,smartwatch,1
2/4/24,Apple,69
2/4/24,Logitech,2
2/4/24,NVIDIA,5
2/4/24,OLED monitor,0
2/4/24,Samsung,21
2/4/24,laptop,36
2/4/24,mechanical keyboard,1
2/4/24,noise cancelling headphones,1
2/4/24,smartphone,1
2/4/24,smartwatch,1
2/11/24,Apple,58
2/11/24,Logitech,2
2/11/24,NVIDIA,6
2/11/24,OLED monitor,0
2/11/24,Samsung,20
2/11/24,laptop,35
2/11/24,mechanical keyboard,1
2/11/24,noise cancelling headphones,1
2/11/24,smartphone,0
2/11/24,smartwatch,1
2/18/24,Apple,60
2/18/24,Logitech,2
2/18/24,NVIDIA,13
2/18/24,OLED monitor,0
2/18/24,Samsung,22
2/18/24,laptop,35
2/18/24,mechanical keyboard,1
2/18/24,noise cancelling headphones,1
2/18/24,smartphone,1
2/18/24,smartwatch,1
2/25/24,Apple,63
2/25/24,Logitech,2
2/25/24,NVIDIA,7
2/25/24,OLED monitor,0
2/25/24,Samsung,19
2/25/24,laptop,35
2/25/24,mechanical keyboard,1
2/25/24,noise cancelling headphones,1
2/25/24,smartphone,1
2/25/24,smartwatch,1
3/3/24,Apple,59
3/3/24,Logitech,2
3/3/24,NVIDIA,8
3/3/24,OLED monitor,0
3/3/24,Samsung,19
3/3/24,laptop,34
3/3/24,mechanical keyboard,1
3/3/24,noise cancelling headphones,1
3/3/24,smartphone,0
3/3/24,smartwatch,1
3/10/24,Apple,58
3/10/24,Logitech,2
3/10/24,NVIDIA,7
3/10/24,OLED monitor,0
3/10/24,Samsung,19
3/10/24,laptop,33
3/10/24,mechanical keyboard,1
3/10/24,noise cancelling headphones,1
3/10/24,smartphone,0
3/10/24,smartwatch,1
3/17/24,Apple,60
3/17/24,Logitech,2
3/17/24,NVIDIA,8
3/17/24,OLED monitor,0
3/17/24,Samsung,19
3/17/24,laptop,34
3/17/24,mechanical keyboard,1
3/17/24,noise cancelling headphones,1
3/17/24,smartphone,0
3/17/24,smartwatch,1
3/24/24,Apple,58
3/24/24,Logitech,2
3/24/24,NVIDIA,6
3/24/24,OLED monitor,0
3/24/24,Samsung,19
3/24/24,laptop,32
3/24/24,mechanical keyboard,1
3/24/24,noise cancelling headphones,1
3/24/24,smartphone,1
3/24/24,smartwatch,1
3/31/24,Apple,58
3/31/24,Logitech,2
3/31/24,NVIDIA,5
3/31/24,OLED monitor,0
3/31/24,Samsung,19
3/31/24,laptop,33
3/31/24,mechanical keyboard,1
3/31/24,noise cancelling headphones,1
3/31/24,smartphone,0
3/31/24,smartwatch,1
4/7/24,Apple,59
4/7/24,Logitech,2
4/7/24,NVIDIA,5
4/7/24,OLED monitor,0
4/7/24,Samsung,18
4/7/24,laptop,32
4/7/24,mechanical keyboard,1
4/7/24,noise cancelling headphones,1
4/7/24,smartphone,1
4/7/24,smartwatch,1
4/14/24,Apple,58
4/14/24,Logitech,2
4/14/24,NVIDIA,5
4/14/24,OLED monitor,0
4/14/24,Samsung,18
4/14/24,laptop,33
4/14/24,mechanical keyboard,1
4/14/24,noise cancelling headphones,1
4/14/24,smartphone,1
4/14/24,smartwatch,1
4/21/24,Apple,56
4/21/24,Logitech,2
4/21/24,NVIDIA,5
4/21/24,OLED monitor,0
4/21/24,Samsung,19
4/21/24,laptop,34
4/21/24,mechanical keyboard,1
4/21/24,noise cancelling headphones,1
4/21/24,smartphone,1
4/21/24,smartwatch,1
4/28/24,Apple,57
4/28/24,Logitech,2
4/28/24,NVIDIA,4
4/28/24,OLED monitor,0
4/28/24,Samsung,18
4/28/24,laptop,31
4/28/24,mechanical keyboard,1
4/28/24,noise cancelling headphones,1
4/28/24,smartphone,1
4/28/24,smartwatch,1
5/5/24,Apple,65
5/5/24,Logitech,2
5/5/24,NVIDIA,4
5/5/24,OLED monitor,0
5/5/24,Samsung,19
5/5/24,laptop,32
5/5/24,mechanical keyboard,1
5/5/24,noise cancelling headphones,1
5/5/24,smartphone,1
5/5/24,smartwatch,1
5/12/24,Apple,60
5/12/24,Logitech,2
5/12/24,NVIDIA,5
5/12/24,OLED monitor,0
5/12/24,Samsung,18
5/12/24,laptop,33
5/12/24,mechanical keyboard,1
5/12/24,noise cancelling headphones,1
5/12/24,smartphone,0
5/12/24,smartwatch,1
5/19/24,Apple,62
5/19/24,Logitech,2
5/19/24,NVIDIA,11
5/19/24,OLED monitor,0
5/19/24,Samsung,19
5/19/24,laptop,35
5/19/24,mechanical keyboard,1
5/19/24,noise cancelling headphones,1
5/19/24,smartphone,0
5/19/24,smartwatch,1
5/26/24,Apple,59
5/26/24,Logitech,2
5/26/24,NVIDIA,8
5/26/24,OLED monitor,0
5/26/24,Samsung,21
5/26/24,laptop,35
5/26/24,mechanical keyboard,1
5/26/24,noise cancelling headphones,1
5/26/24,smartphone,0
5/26/24,smartwatch,1
6/2/24,Apple,60
6/2/24,Logitech,2
6/2/24,NVIDIA,12
6/2/24,OLED monitor,0
6/2/24,Samsung,21
6/2/24,laptop,36
6/2/24,mechanical keyboard,1
6/2/24,noise cancelling headphones,1
6/2/24,smartphone,0
6/2/24,smartwatch,1
6/9/24,Apple,69
6/9/24,Logitech,2
6/9/24,NVIDIA,12
6/9/24,OLED monitor,0
6/9/24,Samsung,20
6/9/24,laptop,36
6/9/24,mechanical keyboard,1
6/9/24,noise cancelling headphones,1
6/9/24,smartphone,0
6/9/24,smartwatch,1
6/16/24,Apple,60
6/16/24,Logitech,2
6/16/24,NVIDIA,11
6/16/24,OLED monitor,0
6/16/24,Samsung,19
6/16/24,laptop,34
6/16/24,mechanical keyboard,1
6/16/24,noise cancelling headphones,1
6/16/24,smartphone,0
6/16/24,smartwatch,1
6/23/24,Apple,59
6/23/24,Logitech,2
6/23/24,NVIDIA,10
6/23/24,OLED monitor,0
6/23/24,Samsung,20
6/23/24,laptop,36
6/23/24,mechanical keyboard,1
6/23/24,noise cancelling headphones,1
6/23/24,smartphone,0
6/23/24,smartwatch,1
6/30/24,Apple,62
6/30/24,Logitech,2
6/30/24,NVIDIA,7
6/30/24,OLED monitor,0
6/30/24,Samsung,22
6/30/24,laptop,33
6/30/24,mechanical keyboard,1
6/30/24,noise cancelling headphones,1
6/30/24,smartphone,0
6/30/24,smartwatch,1
7/7/24,Apple,59
7/7/24,Logitech,2
7/7/24,NVIDIA,7
7/7/24,OLED monitor,0
7/7/24,Samsung,23
7/7/24,laptop,37
7/7/24,mechanical keyboard,1
7/7/24,noise cancelling headphones,1
7/7/24,smartphone,0
7/7/24,smartwatch,1
7/14/24,Apple,64
7/14/24,Logitech,2
7/14/24,NVIDIA,7
7/14/24,OLED monitor,0
7/14/24,Samsung,24
7/14/24,laptop,39
7/14/24,mechanical keyboard,1
7/14/24,noise cancelling headphones,1
7/14/24,smartphone,0
7/14/24,smartwatch,1
7/21/24,Apple,61
7/21/24,Logitech,2
7/21/24,NVIDIA,7
7/21/24,OLED monitor,0
7/21/24,Samsung,22
7/21/24,laptop,37
7/21/24,mechanical keyboard,1
7/21/24,noise cancelling headphones,1
7/21/24,smartphone,0
7/21/24,smartwatch,1
7/28/24,Apple,60
7/28/24,Logitech,2
7/28/24,NVIDIA,8
7/28/24,OLED monitor,0
7/28/24,Samsung,23
7/28/24,laptop,38
7/28/24,mechanical keyboard,1
7/28/24,noise cancelling headphones,1
7/28/24,smartphone,0
7/28/24,smartwatch,1
8/4/24,Apple,63
8/4/24,Logitech,2
8/4/24,NVIDIA,9
8/4/24,OLED monitor,0
8/4/24,Samsung,21
8/4/24,laptop,40
8/4/24,mechanical keyboard,1
8/4/24,noise cancelling headphones,1
8/4/24,smartphone,0
8/4/24,smartwatch,1
8/11/24,Apple,63
8/11/24,Logitech,2
8/11/24,NVIDIA,8
8/11/24,OLED monitor,0
8/11/24,Samsung,20
8/11/24,laptop,41
8/11/24,mechanical keyboard,1
8/11/24,noise cancelling headphones,1
8/11/24,smartphone,0
8/11/24,smartwatch,1
8/18/24,Apple,62
8/18/24,Logitech,2
8/18/24,NVIDIA,8
8/18/24,OLED monitor,0
8/18/24,Samsung,21
8/18/24,laptop,43
8/18/24,mechanical keyboard,1
8/18/24,noise cancelling headphones,1
8/18/24,smartphone,1
8/18/24,smartwatch,1
8/25/24,Apple,66
8/25/24,Logitech,2
8/25/24,NVIDIA,13
8/25/24,OLED monitor,0
8/25/24,Samsung,21
8/25/24,laptop,43
8/25/24,mechanical keyboard,1
8/25/24,noise cancelling headphones,1
8/25/24,smartphone,1
8/25/24,smartwatch,1
9/1/24,Apple,66
9/1/24,Logitech,2
9/1/24,NVIDIA,8
9/1/24,OLED monitor,0
9/1/24,Samsung,21
9/1/24,laptop,38
9/1/24,mechanical keyboard,1
9/1/24,noise cancelling headphones,1
9/1/24,smartphone,1
9/1/24,smartwatch,1
9/8/24,Apple,87
9/8/24,Logitech,2
9/8/24,NVIDIA,7
9/8/24,OLED monitor,0
9/8/24,Samsung,21
9/8/24,laptop,38
9/8/24,mechanical keyboard,1
9/8/24,noise cancelling headphones,1
9/8/24,smartphone,1
9/8/24,smartwatch,1
9/15/24,Apple,82
9/15/24,Logitech,2
9/15/24,NVIDIA,6
9/15/24,OLED monitor,0
9/15/24,Samsung,21
9/15/24,laptop,38
9/15/24,mechanical keyboard,1
9/15/24,noise cancelling headphones,1
9/15/24,smartphone,1
9/15/24,smartwatch,1
9/22/24,Apple,78
9/22/24,Logitech,2
9/22/24,NVIDIA,6
9/22/24,OLED monitor,0
9/22/24,Samsung,20
9/22/24,laptop,36
9/22/24,mechanical keyboard,1
9/22/24,noise cancelling headphones,1
9/22/24,smartphone,1
9/22/24,smartwatch,1
9/29/24,Apple,76
9/29/24,Logitech,2
9/29/24,NVIDIA,6
9/29/24,OLED monitor,0
9/29/24,Samsung,20
9/29/24,laptop,36
9/29/24,mechanical keyboard,1
9/29/24,noise cancelling headphones,1
9/29/24,smartphone,1
9/29/24,smartwatch,1
10/6/24,Apple,77
10/6/24,Logitech,2
10/6/24,NVIDIA,6
10/6/24,OLED monitor,0
10/6/24,Samsung,20
10/6/24,laptop,35
10/6/24,mechanical keyboard,1
10/6/24,noise cancelling headphones,1
10/6/24,smartphone,1
10/6/24,smartwatch,1
10/13/24,Apple,70
10/13/24,Logitech,2
10/13/24,NVIDIA,6
10/13/24,OLED monitor,0
10/13/24,Samsung,19
10/13/24,laptop,33
10/13/24,mechanical keyboard,1
10/13/24,noise cancelling headphones,1
10/13/24,smartphone,1
10/13/24,smartwatch,1
10/20/24,Apple,71
10/20/24,Logitech,2
10/20/24,NVIDIA,6
10/20/24,OLED monitor,0
10/20/24,Samsung,19
10/20/24,laptop,35
10/20/24,mechanical keyboard,1
10/20/24,noise cancelling headphones,1
10/20/24,smartphone,1
10/20/24,smartwatch,1
10/27/24,Apple,71
10/27/24,Logitech,2
10/27/24,NVIDIA,6
10/27/24,OLED monitor,0
10/27/24,Samsung,19
10/27/24,laptop,35
10/27/24,mechanical keyboard,1
10/27/24,noise cancelling headphones,1
10/27/24,smartphone,1
10/27/24,smartwatch,1
11/3/24,Apple,61
11/3/24,Logitech,2
11/3/24,NVIDIA,7
11/3/24,OLED monitor,1
11/3/24,Samsung,19
11/3/24,laptop,34
11/3/24,mechanical keyboard,1
11/3/24,noise cancelling headphones,1
11/3/24,smartphone,0
11/3/24,smartwatch,1
11/10/24,Apple,69
11/10/24,Logitech,2
11/10/24,NVIDIA,7
11/10/24,OLED monitor,1
11/10/24,Samsung,21
11/10/24,laptop,38
11/10/24,mechanical keyboard,1
11/10/24,noise cancelling headphones,1
11/10/24,smartphone,1
11/10/24,smartwatch,1
11/17/24,Apple,72
11/17/24,Logitech,3
11/17/24,NVIDIA,10
11/17/24,OLED monitor,1
11/17/24,Samsung,23
11/17/24,laptop,42
11/17/24,mechanical keyboard,1
11/17/24,noise cancelling headphones,1
11/17/24,smartphone,1
11/17/24,smartwatch,1
11/24/24,Apple,93
11/24/24,Logitech,3
11/24/24,NVIDIA,6
11/24/24,OLED monitor,1
11/24/24,Samsung,29
11/24/24,laptop,49
11/24/24,mechanical keyboard,1
11/24/24,noise cancelling headphones,2
11/24/24,smartphone,1
11/24/24,smartwatch,2
12/1/24,Apple,85
12/1/24,Logitech,3
12/1/24,NVIDIA,7
12/1/24,OLED monitor,1
12/1/24,Samsung,24
12/1/24,laptop,45
12/1/24,mechanical keyboard,1
12/1/24,noise cancelling headphones,1
12/1/24,smartphone,1
12/1/24,smartwatch,2
12/8/24,Apple,70
12/8/24,Logitech,3
12/8/24,NVIDIA,7
12/8/24,OLED monitor,1
12/8/24,Samsung,20
12/8/24,laptop,41
12/8/24,mechanical keyboard,1
12/8/24,noise cancelling headphones,1
12/8/24,smartphone,1
12/8/24,smartwatch,1
12/15/24,Apple,70
12/15/24,Logitech,3
12/15/24,NVIDIA,7
12/15/24,OLED monitor,1
12/15/24,Samsung,21
12/15/24,laptop,39
12/15/24,mechanical keyboard,1
12/15/24,noise cancelling headphones,1
12/15/24,smartphone,1
12/15/24,smartwatch,1
12/22/24,Apple,93
12/22/24,Logitech,4
12/22/24,NVIDIA,6
12/22/24,OLED monitor,1
12/22/24,Samsung,25
12/22/24,laptop,40
12/22/24,mechanical keyboard,1
12/22/24,noise cancelling headphones,1
12/22/24,smartphone,1
12/22/24,smartwatch,2
12/29/24,Apple,79
12/29/24,Logitech,3
12/29/24,NVIDIA,6
12/29/24,OLED monitor,1
12/29/24,Samsung,22
12/29/24,laptop,35
12/29/24,mechanical keyboard,1
12/29/24,noise cancelling headphones,1
12/29/24,smartphone,0
12/29/24,smartwatch,1
1/5/25,Apple,66
1/5/25,Logitech,3
1/5/25,NVIDIA,11
1/5/25,OLED monitor,1
1/5/25,Samsung,20
1/5/25,laptop,40
1/5/25,mechanical keyboard,1
1/5/25,noise cancelling headphones,1
1/5/25,smartphone,0
1/5/25,smartwatch,1
1/12/25,Apple,64
1/12/25,Logitech,2
1/12/25,NVIDIA,7
1/12/25,OLED monitor,1
1/12/25,Samsung,19
1/12/25,laptop,42
1/12/25,mechanical keyboard,1
1/12/25,noise cancelling headphones,1
1/12/25,smartphone,1
1/12/25,smartwatch,1
1/19/25,Apple,60
1/19/25,Logitech,2
1/19/25,NVIDIA,7
1/19/25,OLED monitor,1
1/19/25,Samsung,22
1/19/25,laptop,41
1/19/25,mechanical keyboard,1
1/19/25,noise cancelling headphones,1
1/19/25,smartphone,1
1/19/25,smartwatch,1
1/26/25,Apple,62
1/26/25,Logitech,2
1/26/25,NVIDIA,22
1/26/25,OLED monitor,1
1/26/25,Samsung,20
1/26/25,laptop,40
1/26/25,mechanical keyboard,1
1/26/25,noise cancelling headphones,1
1/26/25,smartphone,1
1/26/25,smartwatch,1
2/2/25,Apple,63
2/2/25,Logitech,2
2/2/25,NVIDIA,10
2/2/25,OLED monitor,1
2/2/25,Samsung,21
2/2/25,laptop,41
2/2/25,mechanical keyboard,1
2/2/25,noise cancelling headphones,1
2/2/25,smartphone,1
2/2/25,smartwatch,1
2/9/25,Apple,63
2/9/25,Logitech,2
2/9/25,NVIDIA,8
2/9/25,OLED monitor,1
2/9/25,Samsung,19
2/9/25,laptop,39
2/9/25,mechanical keyboard,1
2/9/25,noise cancelling headphones,1
2/9/25,smartphone,1
2/9/25,smartwatch,1
2/16/25,Apple,67
2/16/25,Logitech,2
2/16/25,NVIDIA,7
2/16/25,OLED monitor,1
2/16/25,Samsung,20
2/16/25,laptop,41
2/16/25,mechanical keyboard,1
2/16/25,noise cancelling headphones,1
2/16/25,smartphone,1
2/16/25,smartwatch,1
2/23/25,Apple,65
2/23/25,Logitech,2
2/23/25,NVIDIA,11
2/23/25,OLED monitor,1
2/23/25,Samsung,19
2/23/25,laptop,42
2/23/25,mechanical keyboard,1
2/23/25,noise cancelling headphones,1
2/23/25,smartphone,1
2/23/25,smartwatch,1
3/2/25,Apple,62
3/2/25,Logitech,2
3/2/25,NVIDIA,9
3/2/25,OLED monitor,1
3/2/25,Samsung,19
3/2/25,laptop,40
3/2/25,mechanical keyboard,1
3/2/25,noise cancelling headphones,1
3/2/25,smartphone,1
3/2/25,smartwatch,1
3/9/25,Apple,67
3/9/25,Logitech,2
3/9/25,NVIDIA,8
3/9/25,OLED monitor,1
3/9/25,Samsung,19
3/9/25,laptop,38
3/9/25,mechanical keyboard,1
3/9/25,noise cancelling headphones,1
3/9/25,smartphone,1
3/9/25,smartwatch,1
3/16/25,Apple,62
3/16/25,Logitech,2
3/16/25,NVIDIA,8
3/16/25,OLED monitor,1
3/16/25,Samsung,18
3/16/25,laptop,38
3/16/25,mechanical keyboard,1
3/16/25,noise cancelling headphones,1
3/16/25,smartphone,1
3/16/25,smartwatch,1
3/23/25,Apple,55
3/23/25,Logitech,2
3/23/25,NVIDIA,6
3/23/25,OLED monitor,1
3/23/25,Samsung,18
3/23/25,laptop,38
3/23/25,mechanical keyboard,1
3/23/25,noise cancelling headphones,1
3/23/25,smartphone,1
3/23/25,smartwatch,1
3/30/25,Apple,62
3/30/25,Logitech,2
3/30/25,NVIDIA,8
3/30/25,OLED monitor,1
3/30/25,Samsung,19
3/30/25,laptop,39
3/30/25,mechanical keyboard,1
3/30/25,noise cancelling headphones,1
3/30/25,smartphone,1
3/30/25,smartwatch,1
4/6/25,Apple,65
4/6/25,Logitech,2
4/6/25,NVIDIA,10
4/6/25,OLED monitor,1
4/6/25,Samsung,19
4/6/25,laptop,38
4/6/25,mechanical keyboard,1
4/6/25,noise cancelling headphones,1
4/6/25,smartphone,1
4/6/25,smartwatch,1
4/13/25,Apple,59
4/13/25,Logitech,2
4/13/25,NVIDIA,8
4/13/25,OLED monitor,1
4/13/25,Samsung,18
4/13/25,laptop,36
4/13/25,mechanical keyboard,1
4/13/25,noise cancelling headphones,1
4/13/25,smartphone,1
4/13/25,smartwatch,1
4/20/25,Apple,62
4/20/25,Logitech,2
4/20/25,NVIDIA,7
4/20/25,OLED monitor,1
4/20/25,Samsung,19
4/20/25,laptop,36
4/20/25,mechanical keyboard,1
4/20/25,noise cancelling headphones,1
4/20/25,smartphone,1
4/20/25,smartwatch,1
4/27/25,Apple,63
4/27/25,Logitech,2
4/27/25,NVIDIA,7
4/27/25,OLED monitor,1
4/27/25,Samsung,19
4/27/25,laptop,37
4/27/25,mechanical keyboard,1
4/27/25,noise cancelling headphones,1
4/27/25,smartphone,1
4/27/25,smartwatch,1
5/4/25,Apple,63
5/4/25,Logitech,2
5/4/25,NVIDIA,6
5/4/25,OLED monitor,1
5/4/25,Samsung,21
5/4/25,laptop,39
5/4/25,mechanical keyboard,1
5/4/25,noise cancelling headphones,1
5/4/25,smartphone,1
5/4/25,smartwatch,1
5/11/25,Apple,65
5/11/25,Logitech,2
5/11/25,NVIDIA,8
5/11/25,OLED monitor,1
5/11/25,Samsung,20
5/11/25,laptop,37
5/11/25,mechanical keyboard,1
5/11/25,noise cancelling headphones,1
5/11/25,smartphone,1
5/11/25,smartwatch,1
5/18/25,Apple,62
5/18/25,Logitech,2
5/18/25,NVIDIA,7
5/18/25,OLED monitor,1
5/18/25,Samsung,20
5/18/25,laptop,40
5/18/25,mechanical keyboard,1
5/18/25,noise cancelling headphones,1
5/18/25,smartphone,1
5/18/25,smartwatch,1
5/25/25,Apple,63
5/25/25,Logitech,2
5/25/25,NVIDIA,9
5/25/25,OLED monitor,1
5/25/25,Samsung,21
5/25/25,laptop,38
5/25/25,mechanical keyboard,1
5/25/25,noise cancelling headphones,1
5/25/25,smartphone,1
5/25/25,smartwatch,1
6/1/25,Apple,67
6/1/25,Logitech,2
6/1/25,NVIDIA,7
6/1/25,OLED monitor,1
6/1/25,Samsung,21
6/1/25,laptop,40
6/1/25,mechanical keyboard,1
6/1/25,noise cancelling headphones,1
6/1/25,smartphone,1
6/1/25,smartwatch,1
6/8/25,Apple,65
6/8/25,Logitech,2
6/8/25,NVIDIA,7
6/8/25,OLED monitor,1
6/8/25,Samsung,21
6/8/25,laptop,41
6/8/25,mechanical keyboard,1
6/8/25,noise cancelling headphones,1
6/8/25,smartphone,1
6/8/25,smartwatch,1
6/15/25,Apple,64
6/15/25,Logitech,2
6/15/25,NVIDIA,6
6/15/25,OLED monitor,1
6/15/25,Samsung,21
6/15/25,laptop,41
6/15/25,mechanical keyboard,1
6/15/25,noise cancelling headphones,1
6/15/25,smartphone,1
6/15/25,smartwatch,2
6/22/25,Apple,59
6/22/25,Logitech,2
6/22/25,NVIDIA,7
6/22/25,OLED monitor,1
6/22/25,Samsung,21
6/22/25,laptop,42
6/22/25,mechanical keyboard,1
6/22/25,noise cancelling headphones,1
6/22/25,smartphone,1
6/22/25,smartwatch,1
6/29/25,Apple,65
6/29/25,Logitech,2
6/29/25,NVIDIA,6
6/29/25,OLED monitor,1
6/29/25,Samsung,22
6/29/25,laptop,38
6/29/25,mechanical keyboard,1
6/29/25,noise cancelling headphones,1
6/29/25,smartphone,1
6/29/25,smartwatch,1
7/6/25,Apple,69
7/6/25,Logitech,2
7/6/25,NVIDIA,8
7/6/25,OLED monitor,1
7/6/25,Samsung,25
7/6/25,laptop,45
7/6/25,mechanical keyboard,1
7/6/25,noise cancelling headphones,1
7/6/25,smartphone,1
7/6/25,smartwatch,2
7/13/25,Apple,68
7/13/25,Logitech,3
7/13/25,NVIDIA,9
7/13/25,OLED monitor,1
7/13/25,Samsung,27
7/13/25,laptop,45
7/13/25,mechanical keyboard,1
7/13/25,noise cancelling headphones,1
7/13/25,smartphone,1
7/13/25,smartwatch,2
7/20/25,Apple,71
7/20/25,Logitech,3
7/20/25,NVIDIA,9
7/20/25,OLED monitor,1
7/20/25,Samsung,30
7/20/25,laptop,51
7/20/25,mechanical keyboard,1
7/20/25,noise cancelling headphones,1
7/20/25,smartphone,2
7/20/25,smartwatch,2
7/27/25,Apple,74
7/27/25,Logitech,3
7/27/25,NVIDIA,11
7/27/25,OLED monitor,1
7/27/25,Samsung,40
7/27/25,laptop,55
7/27/25,mechanical keyboard,1
7/27/25,noise cancelling headphones,1
7/27/25,smartphone,3
7/27/25,smartwatch,4
8/3/25,Apple,71
8/3/25,Logitech,2
8/3/25,NVIDIA,9
8/3/25,OLED monitor,1
8/3/25,Samsung,26
8/3/25,laptop,49
8/3/25,mechanical keyboard,1
8/3/25,noise cancelling headphones,1
8/3/25,smartphone,1
8/3/25,smartwatch,2
8/10/25,Apple,66
8/10/25,Logitech,2
8/10/25,NVIDIA,8
8/10/25,OLED monitor,1
8/10/25,Samsung,24
8/10/25,laptop,49
8/10/25,mechanical keyboard,1
8/10/25,noise cancelling headphones,1
8/10/25,smartphone,1
8/10/25,smartwatch,2
8/17/25,Apple,67
8/17/25,Logitech,2
8/17/25,NVIDIA,7
8/17/25,OLED monitor,1
8/17/25,Samsung,21
8/17/25,laptop,46
8/17/25,mechanical keyboard,1
8/17/25,noise cancelling headphones,1
8/17/25,smartphone,1
8/17/25,smartwatch,1
8/24/25,Apple,68
8/24/25,Logitech,2
8/24/25,NVIDIA,11
8/24/25,OLED monitor,1
8/24/25,Samsung,21
8/24/25,laptop,46
8/24/25,mechanical keyboard,1
8/24/25,noise cancelling headphones,1
8/24/25,smartphone,1
8/24/25,smartwatch,1
8/31/25,Apple,73
8/31/25,Logitech,2
8/31/25,NVIDIA,7
8/31/25,OLED monitor,1
8/31/25,Samsung,21
8/31/25,laptop,44
8/31/25,mechanical keyboard,1
8/31/25,noise cancelling headphones,1
8/31/25,smartphone,1
8/31/25,smartwatch,1
9/7/25,Apple,88
9/7/25,Logitech,2
9/7/25,NVIDIA,6
9/7/25,OLED monitor,1
9/7/25,Samsung,20
9/7/25,laptop,39
9/7/25,mechanical keyboard,1
9/7/25,noise cancelling headphones,1
9/7/25,smartphone,1
9/7/25,smartwatch,1
9/14/25,Apple,81
9/14/25,Logitech,2
9/14/25,NVIDIA,7
9/14/25,OLED monitor,1
9/14/25,Samsung,22
9/14/25,laptop,39
9/14/25,mechanical keyboard,1
9/14/25,noise cancelling headphones,1
9/14/25,smartphone,1
9/14/25,smartwatch,1
9/21/25,Apple,87
9/21/25,Logitech,2
9/21/25,NVIDIA,8
9/21/25,OLED monitor,1
9/21/25,Samsung,22
9/21/25,laptop,42
9/21/25,mechanical keyboard,1
9/21/25,noise cancelling headphones,1
9/21/25,smartphone,1
9/21/25,smartwatch,1
9/28/25,Apple,78
9/28/25,Logitech,2
9/28/25,NVIDIA,8
9/28/25,OLED monitor,1
9/28/25,Samsung,20
9/28/25,laptop,41
9/28/25,mechanical keyboard,1
9/28/25,noise cancelling headphones,1
9/28/25,smartphone,1
9/28/25,smartwatch,1
10/5/25,Apple,81
10/5/25,Logitech,2
10/5/25,NVIDIA,8
10/5/25,OLED monitor,1
10/5/25,Samsung,21
10/5/25,laptop,42
10/5/25,mechanical keyboard,1
10/5/25,noise cancelling headphones,1
10/5/25,smartphone,1
10/5/25,smartwatch,2
10/12/25,Apple,77
10/12/25,Logitech,2
10/12/25,NVIDIA,7
10/12/25,OLED monitor,1
10/12/25,Samsung,21
10/12/25,laptop,39
10/12/25,mechanical keyboard,1
10/12/25,noise cancelling headphones,1
10/12/25,smartphone,1
10/12/25,smartwatch,1
10/19/25,Apple,77
10/19/25,Logitech,2
10/19/25,NVIDIA,7
10/19/25,OLED monitor,1
10/19/25,Samsung,20
10/19/25,laptop,40
10/19/25,mechanical keyboard,1
10/19/25,noise cancelling headphones,1
10/19/25,smartphone,1
10/19/25,smartwatch,1
10/26/25,Apple,71
10/26/25,Logitech,2
10/26/25,NVIDIA,11
10/26/25,OLED monitor,1
10/26/25,Samsung,20
10/26/25,laptop,39
10/26/25,mechanical keyboard,1
10/26/25,noise cancelling headphones,1
10/26/25,smartphone,1
10/26/25,smartwatch,1
11/2/25,Apple,77
11/2/25,Logitech,2
11/2/25,NVIDIA,11
11/2/25,OLED monitor,1
11/2/25,Samsung,23
11/2/25,laptop,42
11/2/25,mechanical keyboard,1
11/2/25,noise cancelling headphones,1
11/2/25,smartphone,1
11/2/25,smartwatch,2
11/9/25,Apple,79
11/9/25,Logitech,2
11/9/25,NVIDIA,10
11/9/25,OLED monitor,1
11/9/25,Samsung,24
11/9/25,laptop,47
11/9/25,mechanical keyboard,1
11/9/25,noise cancelling headphones,1
11/9/25,smartphone,1
11/9/25,smartwatch,2
11/16/25,Apple,78
11/16/25,Logitech,3
11/16/25,NVIDIA,18
11/16/25,OLED monitor,2
11/16/25,Samsung,27
11/16/25,laptop,51
11/16/25,mechanical keyboard,1
11/16/25,noise cancelling headphones,2
11/16/25,smartphone,1
11/16/25,smartwatch,3
11/23/25,Apple,98
11/23/25,Logitech,3
11/23/25,NVIDIA,11
11/23/25,OLED monitor,3
11/23/25,Samsung,33
11/23/25,laptop,60
11/23/25,mechanical keyboard,1
11/23/25,noise cancelling headphones,2
11/23/25,smartphone,2
11/23/25,smartwatch,3
11/30/25,Apple,87
11/30/25,Logitech,3
11/30/25,NVIDIA,10
11/30/25,OLED monitor,2
11/30/25,Samsung,28
11/30/25,laptop,53
11/30/25,mechanical keyboard,1
11/30/25,noise cancelling headphones,2
11/30/25,smartphone,2
11/30/25,smartwatch,2
12/7/25,Apple,77
12/7/25,Logitech,3
12/7/25,NVIDIA,10
12/7/25,OLED monitor,1
12/7/25,Samsung,24
12/7/25,laptop,49
12/7/25,mechanical keyboard,1
12/7/25,noise cancelling headphones,1
12/7/25,smartphone,2
12/7/25,smartwatch,2
12/14/25,Apple,76
12/14/25,Logitech,3
12/14/25,NVIDIA,8
12/14/25,OLED monitor,1
12/14/25,Samsung,25
12/14/25,laptop,45
12/14/25,mechanical keyboard,1
12/14/25,noise cancelling headphones,1
12/14/25,smartphone,2
12/14/25,smartwatch,3
12/21/25,Apple,96
12/21/25,Logitech,3
12/21/25,NVIDIA,9
12/21/25,OLED monitor,2
12/21/25,Samsung,29
12/21/25,laptop,45
12/21/25,mechanical keyboard,1
12/21/25,noise cancelling headphones,1
12/21/25,smartphone,1
12/21/25,smartwatch,3
12/28/25,Apple,83
12/28/25,Logitech,3
12/28/25,NVIDIA,8
12/28/25,OLED monitor,1
12/28/25,Samsung,28
12/28/25,laptop,42
12/28/25,mechanical keyboard,1
12/28/25,noise cancelling headphones,1
12/28/25,smartphone,1
12/28/25,smartwatch,2
1/4/26,Apple,77
1/4/26,Logitech,3
1/4/26,NVIDIA,10
1/4/26,OLED monitor,1
1/4/26,Samsung,25
1/4/26,laptop,45
1/4/26,mechanical keyboard,1
1/4/26,noise cancelling headphones,1
1/4/26,smartphone,1
1/4/26,smartwatch,2
1/11/26,Apple,78
1/11/26,Logitech,2
1/11/26,NVIDIA,8
1/11/26,OLED monitor,1
1/11/26,Samsung,24
1/11/26,laptop,49
1/11/26,mechanical keyboard,1
1/11/26,noise cancelling headphones,1
1/11/26,smartphone,2
1/11/26,smartwatch,3
1/18/26,Apple,77
1/18/26,Logitech,2
1/18/26,NVIDIA,8
1/18/26,OLED monitor,1
1/18/26,Samsung,24
1/18/26,laptop,50
1/18/26,mechanical keyboard,1
1/18/26,noise cancelling headphones,1
1/18/26,smartphone,2
1/18/26,smartwatch,2
1/25/26,Apple,79
1/25/26,Logitech,2
1/25/26,NVIDIA,8
1/25/26,OLED monitor,1
1/25/26,Samsung,26
1/25/26,laptop,49
1/25/26,mechanical keyboard,1
1/25/26,noise cancelling headphones,1
1/25/26,smartphone,2
1/25/26,smartwatch,3
2/1/26,Apple,73
2/1/26,Logitech,2
2/1/26,NVIDIA,9
2/1/26,OLED monitor,1
2/1/26,Samsung,23
2/1/26,laptop,52
2/1/26,mechanical keyboard,1
2/1/26,noise cancelling headphones,1
2/1/26,smartphone,2
2/1/26,smartwatch,4
2/8/26,Apple,74
2/8/26,Logitech,3
2/8/26,NVIDIA,8
2/8/26,OLED monitor,1
2/8/26,Samsung,23
2/8/26,laptop,54
2/8/26,mechanical keyboard,1
2/8/26,noise cancelling headphones,2
2/8/26,smartphone,2
2/8/26,smartwatch,5
2/15/26,Apple,74
2/15/26,Logitech,3
2/15/26,NVIDIA,8
2/15/26,OLED monitor,1
2/15/26,Samsung,24
2/15/26,laptop,54
2/15/26,mechanical keyboard,1
2/15/26,noise cancelling headphones,2
2/15/26,smartphone,2
2/15/26,smartwatch,5
2/22/26,Apple,76
2/22/26,Logitech,3
2/22/26,NVIDIA,12
2/22/26,OLED monitor,1
2/22/26,Samsung,26
2/22/26,laptop,53
2/22/26,mechanical keyboard,1
2/22/26,noise cancelling headphones,1
2/22/26,smartphone,2
2/22/26,smartwatch,4
3/1/26,Apple,83
3/1/26,Logitech,3
3/1/26,NVIDIA,10
3/1/26,OLED monitor,1
3/1/26,Samsung,25
3/1/26,laptop,50
3/1/26,mechanical keyboard,1
3/1/26,noise cancelling headphones,1
3/1/26,smartphone,2
3/1/26,smartwatch,2
3/8/26,Apple,78
3/8/26,Logitech,3
3/8/26,NVIDIA,9
3/8/26,OLED monitor,1
3/8/26,Samsung,27
3/8/26,laptop,48
3/8/26,mechanical keyboard,1
3/8/26,noise cancelling headphones,1
3/8/26,smartphone,1
3/8/26,smartwatch,2
3/15/26,Apple,76
3/15/26,Logitech,3
3/15/26,NVIDIA,12
3/15/26,OLED monitor,1
3/15/26,Samsung,27
3/15/26,laptop,51
3/15/26,mechanical keyboard,1
3/15/26,noise cancelling headphones,1
3/15/26,smartphone,2
3/15/26,smartwatch,3
3/22/26,Apple,87
3/22/26,Logitech,4
3/22/26,NVIDIA,9
3/22/26,OLED monitor,2
3/22/26,Samsung,32
3/22/26,laptop,71
3/22/26,mechanical keyboard,3
3/22/26,noise cancelling headphones,3
3/22/26,smartphone,2
3/22/26,smartwatch,6
3/29/26,Apple,100
3/29/26,Logitech,5
3/29/26,NVIDIA,10
3/29/26,OLED monitor,3
3/29/26,Samsung,38
3/29/26,laptop,100
3/29/26,mechanical keyboard,6
3/29/26,noise cancelling headphones,4
3/29/26,smartphone,3
3/29/26,smartwatch,14
4/5/26,Apple,79
4/5/26,Logitech,4
4/5/26,NVIDIA,7
4/5/26,OLED monitor,2
4/5/26,Samsung,29
4/5/26,laptop,72
4/5/26,mechanical keyboard,4
4/5/26,noise cancelling headphones,3
4/5/26,smartphone,2
4/5/26,smartwatch,7
4/12/26,Apple,76
4/12/26,Logitech,4
4/12/26,NVIDIA,7
4/12/26,OLED monitor,2
4/12/26,Samsung,26
4/12/26,laptop,68
4/12/26,mechanical keyboard,3
4/12/26,noise cancelling headphones,3
4/12/26,smartphone,2
4/12/26,smartwatch,8
4/19/26,Apple,78
4/19/26,Logitech,3
4/19/26,NVIDIA,5
4/19/26,OLED monitor,2
4/19/26,Samsung,28
4/19/26,laptop,60
4/19/26,mechanical keyboard,3
4/19/26,noise cancelling headphones,3
4/19/26,smartphone,2
4/19/26,smartwatch,7